"Txhash","Blockno","UnixTimestamp","DateTime","From","To","Quantity"
"0x35cfb81eca3cd68d0e041c5762f52d159b0276d89e6b7b8595790bdfade1d615","6703688","1618840332","2021-04-19 13:52:12","0xd3f478f0d5e98b01f757bc6cb54db4c00b9838f2","0xfc073f9c6ddf9bf0db036e9c7c5bd3065771002f","3171766208827.05"
"0xe6e7034b998c613ba34a7dcd6219881bdef357a6f6d3ef0666582231fb79f21b","6703931","1618841061","2021-04-19 14:04:21","0xd3f478f0d5e98b01f757bc6cb54db4c00b9838f2","0xfc073f9c6ddf9bf0db036e9c7c5bd3065771002f","2597767286920.1"
"0x4bf53320be6e3a03bec118cd2d23b5da7f656b82fbfe1515beb4298d2a9d5f06","6704464","1618842660","2021-04-19 14:31:00","0xfc073f9c6ddf9bf0db036e9c7c5bd3065771002f","0xd3f478f0d5e98b01f757bc6cb54db4c00b9838f2","9"
"0xd20fe8633c824acaad053aedec57a83097b4658604063b241bace5a835eca4e0","6705300","1618845216","2021-04-19 15:13:36","0xd3f478f0d5e98b01f757bc6cb54db4c00b9838f2","0xfc073f9c6ddf9bf0db036e9c7c5bd3065771002f","3984435579746.63"
"0xecc9c0240dd4bb4881dd4a2f1c0a07725aba0ce02281fe8749a60110f1438718","6705421","1618845579","2021-04-19 15:19:39","0xd3f478f0d5e98b01f757bc6cb54db4c00b9838f2","0xfc073f9c6ddf9bf0db036e9c7c5bd3065771002f","1489337289778.03"
"0xe362310608aa65ec9303e0c1bc8616586d71a231188deffb6b339fbfe10e9f92","6705495","1618845801","2021-04-19 15:23:21","0xd3f478f0d5e98b01f757bc6cb54db4c00b9838f2","0xfc073f9c6ddf9bf0db036e9c7c5bd3065771002f","2125825961984.98"
"0x9b56a14711e631bb5be4fda51cc00f78a441f0daa1175f814a4699071335a1fb","6706190","1618847886","2021-04-19 15:58:06","0xd3f478f0d5e98b01f757bc6cb54db4c00b9838f2","0xfc073f9c6ddf9bf0db036e9c7c5bd3065771002f","2428853247574.05"
"0xf382229e9de41d68e5bcc8c2141697ff3fb7674ef18cee74e55ff6187d1c5c7b","6758493","1619005886","2021-04-21 11:51:26","0xd3f478f0d5e98b01f757bc6cb54db4c00b9838f2","0xfc073f9c6ddf9bf0db036e9c7c5bd3065771002f","160399256276.888"
"0xa088aa3138d554cd3eedef2d7cd3b63e0347be3403ea1025ff82f6ab431bbfba","6758620","1619006318","2021-04-21 11:58:38","0xd3f478f0d5e98b01f757bc6cb54db4c00b9838f2","0xfc073f9c6ddf9bf0db036e9c7c5bd3065771002f","103063177317.695"
"0x713d4ec132b7d6d8d5f9e00ea25161845110b0b8211d837c3e7913aff35c1c14","6759765","1619010058","2021-04-21 13:00:58","0xd3f478f0d5e98b01f757bc6cb54db4c00b9838f2","0xfc073f9c6ddf9bf0db036e9c7c5bd3065771002f","202913613470.802"
"0x38cc2f57531fcf576f45ffd45850a53d36772786e0843356a3dcee46f984fc48","6794808","1619117946","2021-04-22 18:59:06","0xfc073f9c6ddf9bf0db036e9c7c5bd3065771002f","0xcfa43f92852f94db0f5926e5e33731d5fdd3f498","4500000000"
"0x32ccd26d12e5b20cf209bc62e4c9eae13b6067e1a9d43495b4bad5206b5de4af","6811075","1619168537","2021-04-23 09:02:17","0xd3f478f0d5e98b01f757bc6cb54db4c00b9838f2","0xfc073f9c6ddf9bf0db036e9c7c5bd3065771002f","79430383578.1099"
"0x75336f74f8998e7cf67d0d5e8471ffedafc637d86bddf9f9c0b0291b4a8ee868","6818089","1619189586","2021-04-23 14:53:06","0xfc073f9c6ddf9bf0db036e9c7c5bd3065771002f","0xcfa43f92852f94db0f5926e5e33731d5fdd3f498","4500000000"
"0xf1dfdf9a159c79c931498a24a90e34f1ba9d881966d8c3be70846673d1910b06","6820026","1619195405","2021-04-23 16:30:05","0x5e831b7687e5864489f764c18de39399d91f3ecd","0xfc073f9c6ddf9bf0db036e9c7c5bd3065771002f","2700000000"
"0xa3f5c120d86cf20a2d094b015352f7c0c1cef101f315a206b7181a319135fa8d","6852484","1619293060","2021-04-24 19:37:40","0xfc073f9c6ddf9bf0db036e9c7c5bd3065771002f","0x4f06b336153cf87efd265f1bddf0a9f6babaa6b2","225000000000"
"0xe35af105c12f9e82ae71971090a95ad8484ba0779333637462792a7de4f1981e","6890151","1619406436","2021-04-26 03:07:16","0xfc073f9c6ddf9bf0db036e9c7c5bd3065771002f","0x100970e0d53f2e5d4afe3fc3a611a78c8728dd65","900000000"
"0x7c5291da55311e9a2bbd1f714a67519f1e4b1ae05380ce2f9dde64e539ed55b2","6942773","1619565815","2021-04-27 23:23:35","0xfc073f9c6ddf9bf0db036e9c7c5bd3065771002f","0xd3f478f0d5e98b01f757bc6cb54db4c00b9838f2","55885260006.9"
"0x6ee27b3087befceceda212f64aea5110c6402b326076a53ee3f60144c99468b3","6942847","1619566037","2021-04-27 23:27:17","0xfc073f9c6ddf9bf0db036e9c7c5bd3065771002f","0xd3f478f0d5e98b01f757bc6cb54db4c00b9838f2","11206980000.9"
"0x3cb8f1154bf6804a49e2eee23c4dfc4a2d8ed4f97df1ef764df041a1f67c8f4e","7044106","1619872843","2021-05-01 12:40:43","0xfc073f9c6ddf9bf0db036e9c7c5bd3065771002f","0xcfa43f92852f94db0f5926e5e33731d5fdd3f498","9000000000"
"0x0b493f9af241083f84a67b11f2e033cdceff14477967e270ee36f52d7e9d9815","7058135","1619915374","2021-05-02 00:29:34","0xfc073f9c6ddf9bf0db036e9c7c5bd3065771002f","0x74e449d3b465f7d1b7f3d39c5ef0f87320590c02","10800000000"
"0x781bdc14df9f5faf2922427b069d60836bc55fa6c4b3415ec0dc30637aa7aa3e","7071436","1619955367","2021-05-02 11:36:07","0xfc073f9c6ddf9bf0db036e9c7c5bd3065771002f","0x1203c108c237c8d1a715f7e9a6f478b914843556","450000000"
"0xad0e31ed549107238a11806bdb29e629e660d1caf9e51f8ba721d6860da11ad6","7141407","1620167512","2021-05-04 22:31:52","0xfc073f9c6ddf9bf0db036e9c7c5bd3065771002f","0xe9a2bb510bc7d7152f649f0b380e633648f50b1c","2506698000"
"0x60fbaf59b28b53a193e52916dc2727ef195a1232613993a66d76c1641e93f05a","7198041","1620342035","2021-05-06 23:00:35","0xfc073f9c6ddf9bf0db036e9c7c5bd3065771002f","0x9e83e84841d6d4863e48e2817b1b408053877f37","15300000000"
"0xdef6494ff10bf88a82d8a955bdc878884f76bb17866100803b0c1fa78d7a6472","7216865","1620399457","2021-05-07 14:57:37","0xfc073f9c6ddf9bf0db036e9c7c5bd3065771002f","0x0dc70fa79fcd451bc25f395b80f7fa8bb0492ff3","23669640000"
"0x463706cd7a41bee75453950d07e4bc4afcf7bc00c0d848b25fc58dc6420cf6aa","7216941","1620399685","2021-05-07 15:01:25","0xfc073f9c6ddf9bf0db036e9c7c5bd3065771002f","0x0dc70fa79fcd451bc25f395b80f7fa8bb0492ff3","6731055000"
"0x3e11b7f39e98b23c09579cbbbb9f22cfcadf2794b9fca7eaac7360ead1f6383a","7220176","1620409740","2021-05-07 17:49:00","0xfc073f9c6ddf9bf0db036e9c7c5bd3065771002f","0xfa646ec248054cfb4a8a8561dd58892b22264b64","17332470000"
"0xdcef186aa032d298c63d6b004b9c7dff45d14a231954811e19e361d1e90ff4d3","7245712","1620488041","2021-05-08 15:34:01","0xfc073f9c6ddf9bf0db036e9c7c5bd3065771002f","0xd3c5c2f0736e63a602bf2c5328a6fe2320145390","268519500"
"0xc34e1b66a16c043bd0eedb39da7133cfa8737c80092c621c07451ffff9f0c6c2","7246247","1620489784","2021-05-08 16:03:04","0xfc073f9c6ddf9bf0db036e9c7c5bd3065771002f","0x63eadd00c0c561ab6a2261f8319baec0b3891302","6256836000"
"0x9fd27e4e54f2933cc4ed9a2de9f1fcffbe5fea362ac519d24ca72f46f16a266f","7255060","1620517739","2021-05-08 23:48:59","0xfc073f9c6ddf9bf0db036e9c7c5bd3065771002f","0x5a4f219dcd62af0dd689baa6abd5117466c50c4d","5658822000"
"0x964b0a010fbc6ba2dbae08cb56c5f82a502716e8429467254f874f5186d8e04b","7255830","1620520079","2021-05-09 00:27:59","0xfc073f9c6ddf9bf0db036e9c7c5bd3065771002f","0x1fc6d54e642c94dc8282f77291b1ac805e3eb1f4","2602098000"
"0x995f3444596f76d94a0221680ec44a5c0b6fb4750aa299797f89a62ca4995589","7276325","1620585196","2021-05-09 18:33:16","0xfc073f9c6ddf9bf0db036e9c7c5bd3065771002f","0x69864e3d25bb9f201ed93acf1b809405948d5c6b","9000000000"
"0x67e24f4930a3b50eaa4605813f09f57a460c69a0d21e200f5bd51b85db8d3bfd","7276347","1620585262","2021-05-09 18:34:22","0xfc073f9c6ddf9bf0db036e9c7c5bd3065771002f","0xb0330b1d3e4e3372e43636efca715613407069c6","9000000000"
"0x1607298384330d35aac12a48f41bee6ba2affd9da647acb24a8a689ed9b1aecd","7404611","1621000494","2021-05-14 13:54:54","0xfc073f9c6ddf9bf0db036e9c7c5bd3065771002f","0xcfa43f92852f94db0f5926e5e33731d5fdd3f498","4497993000"
"0xb1df2c9922891a6e1dbf6c3cc6f7901d98b992f3d5a2c6f9264ae302079f7383","7514444","1621336109","2021-05-18 11:08:29","0xfc073f9c6ddf9bf0db036e9c7c5bd3065771002f","0xce814f21aaf25da3f8b91953c13d817eca7cc469","9000000000"
"0x0242353b09e3b6f2f554848a70416234df3b173f84082b8501d3d2f807150e32","7528821","1621379689","2021-05-18 23:14:49","0xfc073f9c6ddf9bf0db036e9c7c5bd3065771002f","0x451a412960fc7a5493653d37ffb272a3d9915b68","346417200"
"0x0f19b51defb1d6aad13a4488c3766036b36413401dfe52170dc02e95a080202b","7575612","1621521815","2021-05-20 14:43:35","0xfc073f9c6ddf9bf0db036e9c7c5bd3065771002f","0xfcf49b79bb712db26ae420024cf850ec76a26959","3600000000"
"0x9c4b58f186b54ac18eba995bd4282d18c0f6fca5649e939736a2df12a55c495d","7686328","1621855350","2021-05-24 11:22:30","0xfc073f9c6ddf9bf0db036e9c7c5bd3065771002f","0x46e9aafc4d9ddca41d6fc9bb668a818df601e5f9","2700000000"
"0x6adb6fe2b47b6bc7583235f45facd976b6608c27770575d2142413f298e4fcca","7686340","1621855386","2021-05-24 11:23:06","0xfc073f9c6ddf9bf0db036e9c7c5bd3065771002f","0xb3fd3d75cb9de52c96eac308cf3402200a5eec57","2700000000"
"0x7f6f2ed8d11c18a3d5e1d5fb6cabe09a2fb5a7b80f3ed4b8bdbbf330b46c0301","7697696","1621889508","2021-05-24 20:51:48","0xfc073f9c6ddf9bf0db036e9c7c5bd3065771002f","0xcfa43f92852f94db0f5926e5e33731d5fdd3f498","4500000000"
"0x26d92b2651dc63be4bd486c3c9d989a83e3ea9ee1707bbc84a59340a536b2281","7885633","1622456167","2021-05-31 10:16:07","0xfc073f9c6ddf9bf0db036e9c7c5bd3065771002f","0xcfa43f92852f94db0f5926e5e33731d5fdd3f498","4500000000"
"0x989d0e3455ea47ae7d8046ee424bf6b39eb6b687cf85b53f0151099e7dfc53e6","8061984","1622986865","2021-06-06 13:41:05","0xfc073f9c6ddf9bf0db036e9c7c5bd3065771002f","0xcfa43f92852f94db0f5926e5e33731d5fdd3f498","4500000000"
"0x7dd869f8e13b04d89649c25ebced39c402d7c8ff04802a844eb45bf16a65dae2","8096101","1623089353","2021-06-07 18:09:13","0xfc073f9c6ddf9bf0db036e9c7c5bd3065771002f","0xace612d1856fb4097de94fc31a2a329b4e87f339","4500000000"
"0x4ad75125f05f86c53e2d5f69aa09331ca02de5c5b1bdc01b22db219110e4b237","8433172","1624108095","2021-06-19 13:08:15","0xfc073f9c6ddf9bf0db036e9c7c5bd3065771002f","0xbd527d81af0fb76cde6040a00d3c3494deb63849","3600000000"
"0x1a2a22aa0281b801cceec789cd9826ac21e9edd12958478d0bcb785253e80d2e","8582991","1624559370","2021-06-24 18:29:30","0xfc073f9c6ddf9bf0db036e9c7c5bd3065771002f","0xcfa43f92852f94db0f5926e5e33731d5fdd3f498","9000000000"
"0xedbb1cb1753d44942b529e24bb6bdb0763a203766f6a15620bf96e25fbefcc81","8590607","1624582289","2021-06-25 00:51:29","0xfc073f9c6ddf9bf0db036e9c7c5bd3065771002f","0xb2741f57feeba0e8442af2e1cae8f5dd785fc1ce","4500000000"
"0x0809d3a5c56fe2a7206b3162e130bf06c10a506cc5cb7e0ee4ee6fb21f5fdc1f","8721021","1624975193","2021-06-29 13:59:53","0xfc073f9c6ddf9bf0db036e9c7c5bd3065771002f","0xb260fec5897193ba4dbdc36bd06c434a0bd40660","11791080000"
"0x3d2b9b17dce4ccebba26a12c6b19c3724c5949088988c2acee66cf5d9719d6f9","8934981","1625622640","2021-07-07 01:50:40","0xfc073f9c6ddf9bf0db036e9c7c5bd3065771002f","0x212211c41ae54d5a56d4a908c89ef001d70787cd","450000000"
"0x262ae9c5d0a0f2c93f7c64043f4031d2058f3c535b884809965340e51bbc1236","9129564","1626206535","2021-07-13 20:02:15","0xfc073f9c6ddf9bf0db036e9c7c5bd3065771002f","0xe293e06d1b2a6b0e75b88437e0734d16b29182be","990000000"
"0x5bcf2964027c8bbe1d47451e4f9b3fe337b5a0b78911555f4a3df3a001eaf773","9130180","1626208383","2021-07-13 20:33:03","0xfc073f9c6ddf9bf0db036e9c7c5bd3065771002f","0xb3fd3d75cb9de52c96eac308cf3402200a5eec57","2250000000"
"0x66cf629ec05ea90e8bec4bbe682600b73ce30f2c2d0dd594078645f3f06c5ac1","9161646","1626302835","2021-07-14 22:47:15","0xfc073f9c6ddf9bf0db036e9c7c5bd3065771002f","0xf2f1158a7c9632be297c9472546a05c9c0503665","3600000000"
"0x5a043d560ab0d397a32dd09592a3ce9eb96adb20b967c2e82a0287965f74f328","9240314","1626538909","2021-07-17 16:21:49","0xfc073f9c6ddf9bf0db036e9c7c5bd3065771002f","0x04194683219da63edde1883b9bc91c714b677dad","5400000000"
"0x233c007a793611b96667cadddc608f39177deb691c1acc4678c313a553110db3","9354122","1626880604","2021-07-21 15:16:44","0xfc073f9c6ddf9bf0db036e9c7c5bd3065771002f","0x63eadd00c0c561ab6a2261f8319baec0b3891302","2970000000"
"0xcda4f9010d2d6426045ad7a83b42e340c162ea7c55c39328bc24ad2b3a0aef74","9549743","1627482343","2021-07-28 14:25:43","0xfc073f9c6ddf9bf0db036e9c7c5bd3065771002f","0xd3f478f0d5e98b01f757bc6cb54db4c00b9838f2","278241300009.9"
"0x9e08cbd040ccb23604a45932f70d0ed182b50f60187bf1df886aed0d3c97bbfc","9549953","1627483116","2021-07-28 14:38:36","0xfc073f9c6ddf9bf0db036e9c7c5bd3065771002f","0x065033a84007b2c16f589f37ec1813f1b7fbf187","225000000000"
"0xbda91f760e8ec221f721047d16aba7928c4aff0db737dc3c8878f649834c0b37","9551059","1627487047","2021-07-28 15:44:07","0xfc073f9c6ddf9bf0db036e9c7c5bd3065771002f","0xcfa43f92852f94db0f5926e5e33731d5fdd3f498","90000000000"
"0xcf93eceed83ccaf8b8e8ddb2da245273679b2520082c466d43a376e2e81c5cfe","9551396","1627488218","2021-07-28 16:03:38","0xfc073f9c6ddf9bf0db036e9c7c5bd3065771002f","0xfcf49b79bb712db26ae420024cf850ec76a26959","90000000000"
"0x5218b1e86230a61aa8abca25cebd9874b113ccb7a5094e8db56ff313327cbd46","9608769","1627668590","2021-07-30 18:09:50","0xfc073f9c6ddf9bf0db036e9c7c5bd3065771002f","0x63eadd00c0c561ab6a2261f8319baec0b3891302","3006054000"
"0xdba6823975314afa08849b661189c5b5e2a001e21aab108197d7c228a87d1a7f","9608828","1627668767","2021-07-30 18:12:47","0xfc073f9c6ddf9bf0db036e9c7c5bd3065771002f","0xfa646ec248054cfb4a8a8561dd58892b22264b64","9000000000"
"0x6839146f5872af6f5945a608ea4009c6be75cd866017aa054bd1110877501c2c","9630168","1627733481","2021-07-31 12:11:21","0xfc073f9c6ddf9bf0db036e9c7c5bd3065771002f","0xd3f478f0d5e98b01f757bc6cb54db4c00b9838f2","18000000000.9"
"0x5cd7dab0d90fb5c579ef5031c5d089f3f181886d7654307a30ed60e8e3ced9e5","9961975","1628762018","2021-08-12 09:53:38","0xfc073f9c6ddf9bf0db036e9c7c5bd3065771002f","0xd3f478f0d5e98b01f757bc6cb54db4c00b9838f2","16650000000"
"0x09538227039a2847edb2bf31e1b5091fd0fde5f64249d7a7701669aa92c8bff1","10192568","1629458595","2021-08-20 11:23:15","0xfc073f9c6ddf9bf0db036e9c7c5bd3065771002f","0xd3f478f0d5e98b01f757bc6cb54db4c00b9838f2","240508800000.001"
"0xe8005fa573cc617c8b5023a8f29643c289aaefb1e732743a3d3b7fc0f9a842a0","10193269","1629460753","2021-08-20 11:59:13","0xfc073f9c6ddf9bf0db036e9c7c5bd3065771002f","0xd3f478f0d5e98b01f757bc6cb54db4c00b9838f2","225000000000.001"
"0x3c56433e29008012cd35952863f08eb3f71f2ccf28409a796cf3db10c6b507a5","10224517","1629555508","2021-08-21 14:18:28","0xfc073f9c6ddf9bf0db036e9c7c5bd3065771002f","0x065033a84007b2c16f589f37ec1813f1b7fbf187","225000000000"
"0x94984c94cbadac6e1961feed960d35ff5fc9e55e3d9d6e8f4689ba8fcc61541c","10311128","1629816862","2021-08-24 14:54:22","0xfc073f9c6ddf9bf0db036e9c7c5bd3065771002f","0xd3f478f0d5e98b01f757bc6cb54db4c00b9838f2","4500000000000"
"0xd79f2959c3c7247805c2153ecac190e50daf66d08e14d290726ca416eaaa6269","10311138","1629816892","2021-08-24 14:54:52","0xfc073f9c6ddf9bf0db036e9c7c5bd3065771002f","0xd3f478f0d5e98b01f757bc6cb54db4c00b9838f2","4500000000000"
"0x36090033e5f217aaa5729fcf205a509e9031370af79f7a83196f123a3a0d6edc","10311202","1629817084","2021-08-24 14:58:04","0xfc073f9c6ddf9bf0db036e9c7c5bd3065771002f","0xd3f478f0d5e98b01f757bc6cb54db4c00b9838f2","4500000000000"
"0xa0f3478cb2a31206e16f7f4a9c89b5d33dc75cb8d0e945cb82b41144abadd6fc","10311279","1629817315","2021-08-24 15:01:55","0xfc073f9c6ddf9bf0db036e9c7c5bd3065771002f","0xd3f478f0d5e98b01f757bc6cb54db4c00b9838f2","1350000000000"
"0xeb6d968a412ce0f38defb326a14bec66907c6b589c16a18025caab89368e2f3f","10311554","1629818140","2021-08-24 15:15:40","0xfc073f9c6ddf9bf0db036e9c7c5bd3065771002f","0xd3f478f0d5e98b01f757bc6cb54db4c00b9838f2","929266542389.414"
